{
  "categories": [
    {
      "name": "General",
      "configs": [
        {
          "id": "TLP_ENABLE",
          "type": "bselect",
          "values": "0,1",
          "default_value": "1",
          "default_state": true
        },
        {
          "id": "TLP_DEFAULT_MODE",
          "type": "select",
          "values": "AC,BAT",
          "default_value": "AC",
          "default_state": true
        }
      ]
    },
    {
      "name": "Audio",
      "configs": [
        {
          "group": "SOUND_POWER_SAVE",
          "ids": [
            {
              "id": "SOUND_POWER_SAVE_ON_AC",
              "type": "numeric",
              "values": "0-3600",
              "default_value": "0",
              "default_state": true
            },
            {
              "id": "SOUND_POWER_SAVE_ON_BAT",
              "type": "numeric",
              "values": "0-3600",
              "default_value": "1",
              "default_state": true
            }
          ]
        },
        {
          "id": "SOUND_POWER_SAVE_CONTROLLER",
          "type": "bselect",
          "values": "N,Y",
          "default_value": "Y",
          "default_state": true
        }
      ]
    },
    {
      "name": "Disks",
      "configs": [
        {
          "group": "DISK_IDLE_SECS",
          "ids": [
            {
              "id": "DISK_IDLE_SECS_ON_AC",
              "type": "numeric",
              "values": "0-1000",
              "default_value": 0,
              "default_state": true
            },
            {
              "id": "DISK_IDLE_SECS_ON_BAT",
              "type": "numeric",
              "values": "0-1000",
              "default_value": 2,
              "default_state": true
            }
          ]
        },
        {
          "group": "MAX_LOST_WORK_SECS",
          "ids": [
              {
              "id": "MAX_LOST_WORK_SECS_ON_AC",
              "type": "numeric",
              "values": "0-10000",
              "default_value": 15,
              "default_state": true
            },
            {
              "id": "MAX_LOST_WORK_SECS_ON_BAT",
              "type": "numeric",
              "values": "0-10000",
              "default_value": 60,
              "default_state": true
            }
          ]
        },
        {
          "id": "DISK_DEVICES",
          "type": "disklist",
          "values": "",
          "default_value": "sda sdb",
          "default_state": true
        },
        {
          "group": "DISK_APM_LEVEL",
          "ids": [
            {
              "id": "DISK_APM_LEVEL_ON_AC",
              "type": "disklistview",
              "values": "1-255",
              "default_value": "254 254",
              "default_state": true
            },
            {
              "id": "DISK_APM_LEVEL_ON_BAT",
              "type": "disklistview",
              "values": "1-255",
              "default_value": "128 128",
              "default_state": true
            }
          ]
        },
        {
          "group": "DISK_SPINDOWN_TIMEOUT",
          "ids": [
            {
              "id": "DISK_SPINDOWN_TIMEOUT_ON_AC",
              "type": "disklistview",
              "values": "0-251",
              "default_value": "0 0",
              "default_state": false
            },
            {
              "id": "DISK_SPINDOWN_TIMEOUT_ON_BAT",
              "type": "disklistview",
              "values": "0-251",
              "default_value": "0 0",
              "default_state": false
            }
          ]
        },
        {
          "id": "DISK_IOSCHED",
          "type": "disklistview",
          "values": "noop,deadline,cfq",
          "default_value": "cfq cfq",
          "default_state": false
        },
        {
          "group": "SATA_LINKPWR",
          "ids": [
            {
              "id": "SATA_LINKPWR_ON_AC",
              "type": "select",
              "values": "min_power,medium_power,max_performance",
              "default_value": "max_performance",
              "default_state": true
            },
            {
              "id": "SATA_LINKPWR_ON_BAT",
              "type": "select",
              "values": "min_power,medium_power,max_performance",
              "default_value": "min_power",
              "default_state": true
            }
          ]
        },
        {
          "id": "SATA_LINKPWR_BLACKLIST",
          "type": "entry",
          "values": "",
          "default_value": "host1",
          "default_state": false
        },
        {
          "group": "AHCI_RUNTIME_PM",
          "ids": [
            {
              "id": "AHCI_RUNTIME_PM_ON_AC",
              "type": "bselect",
              "values": "on,auto",
              "default_value": "on",
              "default_state": false
            },
            {
              "id": "AHCI_RUNTIME_PM_ON_BAT",
              "type": "bselect",
              "values": "on,auto",
              "default_value": "on",
              "default_state": false
            }
          ]
        },
        {
          "id": "AHCI_RUNTIME_PM_TIMEOUT",
          "type": "numeric",
          "values": "0-10000",
          "default_value": 15,
          "default_state": true
        },
        {
          "id": "BAY_POWEROFF_ON_BAT",
          "type": "bselect",
          "values": "0,1",
          "default_value": "0",
          "default_state": true
        },
        {
          "id": "BAY_DEVICE",
          "type": "entry",
          "values": "",
          "default_value": "sr0",
          "default_state": true
        }
      ]
    },
    {
      "name": "Graphics",
      "configs": [
        {
          "group": "RADEON_POWER_PROFILE",
          "ids": [
            {
              "id": "RADEON_POWER_PROFILE_ON_AC",
              "type": "select",
              "values": "low,mid,high,auto,default",
              "default_value": "high",
              "default_state": true
            },
            {
              "id": "RADEON_POWER_PROFILE_ON_BAT",
              "type": "select",
              "values": "low,mid,high,auto,default",
              "default_value": "low",
              "default_state": true
            }
          ]
        },
        {
          "group": "RADEON_DPM_STATE",
          "ids": [
            {
              "id": "RADEON_DPM_STATE_ON_AC",
              "type": "select",
              "values": "battery,performance",
              "default_value": "performance",
              "default_state": true
            },
            {
              "id": "RADEON_DPM_STATE_ON_BAT",
              "type": "select",
              "values": "battery,performance",
              "default_value": "battery",
              "default_state": true
            }
          ]
        },
        {
          "group": "RADEON_DPM_PERF_LEVEL",
          "ids": [
            {
              "id": "RADEON_DPM_PERF_LEVEL_ON_AC",
              "type": "select",
              "values": "auto,low,high",
              "default_value": "auto",
              "default_state": true
            },
            {
              "id": "RADEON_DPM_PERF_LEVEL_ON_BAT",
              "type": "select",
              "values": "auto,low,high",
              "default_value": "auto",
              "default_state": true
            }
          ]
        }
      ]
    },
    {
      "name": "Network",
      "configs": [
        {
          "group": "WIFI_PWR",
          "ids": [
            {
              "id": "WIFI_PWR_ON_AC",
              "type": "bselect",
              "values": "off,on",
              "default_value": "off",
              "default_state": true
            },
            {
              "id": "WIFI_PWR_ON_BAT",
              "type": "bselect",
              "values": "off,on",
              "default_value": "on",
              "default_state": true
            }
          ]
        },
        {
          "id": "WOL_DISABLE",
          "type": "bselect",
          "values": "N,Y",
          "default_value": "Y",
          "default_state": true
        }
      ]
    },
    {
      "name": "PCIe",
      "configs": [
        {
          "group": "PCIE_ASPM",
          "ids": [
            {
              "id": "PCIE_ASPM_ON_AC",
              "type": "select",
              "values": "default,performance,powersave",
              "default_value": "performance",
              "default_state": true
            },
            {
              "id": "PCIE_ASPM_ON_BAT",
              "type": "select",
              "values": "default,performance,powersave",
              "default_value": "powersave",
              "default_state": true
            }
          ]
        },
        {
          "group": "RUNTIME_PM",
          "ids": [
            {
              "id": "RUNTIME_PM_ON_AC",
              "type": "bselect",
              "values": "on,auto",
              "default_value": "on",
              "default_state": true
            },
            {
              "id": "RUNTIME_PM_ON_BAT",
              "type": "bselect",
              "values": "on,auto",
              "default_value": "auto",
              "default_state": true
            }
          ]
        },
        {
          "id": "RUNTIME_PM_ALL",
          "type": "bselect",
          "values": "0,1",
          "default_value": "1",
          "default_state": true
        },
        {
          "id": "RUNTIME_PM_BLACKLIST",
          "type": "pcilist",
          "values": "",
          "default_value": "bb:dd.f 11:22.3 44:55.6",
          "default_state": false
        },
        {
          "id": "RUNTIME_PM_DRIVER_BLACKLIST",
          "type": "entry",
          "values": "",
          "default_value": "radeon nouveau",
          "default_state": true
        }
      ]
    },
    {
      "name": "Processor",
      "configs": [
        {
          "group": "CPU_SCALING_GOVERNOR",
          "ids": [
            {
              "id": "CPU_SCALING_GOVERNOR_ON_AC",
              "type": "select",
              "values": "ondemand,powersave,performance,conservative",
              "default_value": "powersave",
              "default_state": false
            },
            {
              "id": "CPU_SCALING_GOVERNOR_ON_BAT",
              "type": "select",
              "values": "ondemand,powersave,performance,conservative",
              "default_value": "powersave",
              "default_state": false
            }
          ]
        },
        {
          "group": "CPU_SCALING_FREQ",
          "ids": [
            {
              "id": "CPU_SCALING_MIN_FREQ_ON_AC",
              "type": "entry",
              "values": "",
              "default_value": 0,
              "default_state": false
            },
            {
              "id": "CPU_SCALING_MAX_FREQ_ON_AC",
              "type": "entry",
              "values": "",
              "default_value": 0,
              "default_state": false
            },
            {
              "id": "CPU_SCALING_MIN_FREQ_ON_BAT",
              "type": "entry",
              "values": "",
              "default_value": 0,
              "default_state": false
            },
            {
              "id": "CPU_SCALING_MAX_FREQ_ON_BAT",
              "type": "entry",
              "values": "",
              "default_value": 0,
              "default_state": false
            }
          ]
        },
        {
          "group": "CPU_PERF",
          "ids": [
            {
              "id": "CPU_MIN_PERF_ON_AC",
              "type": "numeric",
              "values": "0-100",
              "default_value": 0,
              "default_state": false
            },
            {
              "id": "CPU_MAX_PERF_ON_AC",
              "type": "numeric",
              "values": "0-100",
              "default_value":100,
              "default_state": false
            },
            {
              "id": "CPU_MIN_PERF_ON_BAT",
              "type": "numeric",
              "values": "0-100",
              "default_value": 0,
              "default_state": false
            },
            {
              "id": "CPU_MAX_PERF_ON_BAT",
              "type": "numeric",
              "values": "0-100",
              "default_value": 30,
              "default_state": false
            }
          ]
        },
        {
          "group": "CPU_BOOST",
          "ids": [
            {
              "id": "CPU_BOOST_ON_AC",
              "type": "bselect",
              "values": "0,1",
              "default_value": "1",
              "default_state": false
            },
            {
              "id": "CPU_BOOST_ON_BAT",
              "type": "bselect",
              "values": "0,1",
              "default_value": "0",
              "default_state": false
            }
          ]
        },
        {
          "group": "SCHED_POWERSAVE",
          "ids": [
            {
              "id": "SCHED_POWERSAVE_ON_AC",
              "type": "bselect",
              "values": "0,1",
              "default_value": "0",
              "default_state": true
            },
            {
              "id": "SCHED_POWERSAVE_ON_BAT",
              "type": "bselect",
              "values": "0,1",
              "default_value": "1",
              "default_state": true
            }
          ]
        },
        {
          "id": "NMI_WATCHDOG",
          "type": "bselect",
          "values": "0,1",
          "default_value": "0",
          "default_state": true
        },
        {
          "id": "PHC_CONTROLS",
          "type": "entry",
          "values": "",
          "default_value": "F:V F:V F:V F:V",
          "default_state": false
        },
        {
          "group": "ENERGY_PERF_POLICY",
          "ids": [
            {
              "id": "ENERGY_PERF_POLICY_ON_AC",
              "type": "select",
              "values": "performance,normal,powersave",
              "default_value": "performance",
              "default_state": true
            },
            {
              "id": "ENERGY_PERF_POLICY_ON_BAT",
              "type": "select",
              "values": "performance,normal,powersave",
              "default_value": "powersave",
              "default_state": true
            }
          ]
        }
      ]
    },
    {
      "name": "Radio",
      "configs": [
        {
          "id": "RESTORE_DEVICE_STATE_ON_STARTUP",
          "type": "bselect",
          "values": "0,1",
          "default_value": "0",
          "default_state": true
        },
        {
          "id": "DEVICES_TO_DISABLE_ON_STARTUP",
          "type": "check",
          "values": "bluetooth,wifi,wwan",
          "default_value": "bluetooth wifi wwan",
          "default_state": false
        },
        {
          "id": "DEVICES_TO_ENABLE_ON_STARTUP",
          "type": "check",
          "values": "bluetooth,wifi,wwan",
          "default_value": "wifi",
          "default_state": false
        },
        {
          "id": "DEVICES_TO_DISABLE_ON_SHUTDOWN",
          "type": "check",
          "values": "bluetooth,wifi,wwan",
          "default_value": "bluetooth wifi wwan",
          "default_state": false
        },
        {
          "id": "DEVICES_TO_ENABLE_ON_SHUTDOWN",
          "type": "check",
          "values": "bluetooth,wifi,wwan",
          "default_value": "wwan",
          "default_state": false
        },
        {
          "id": "DEVICES_TO_ENABLE_ON_AC",
          "type": "check",
          "values": "bluetooth,wifi,wwan",
          "default_value": "bluetooth wifi wwan",
          "default_state": false
        },
        {
          "id": "DEVICES_TO_DISABLE_ON_BAT",
          "type": "check",
          "values": "bluetooth,wifi,wwan",
          "default_value": "bluetooth wifi wwan",
          "default_state": false
        },
        {
          "id": "DEVICES_TO_DISABLE_ON_BAT_NOT_IN_USE",
          "type": "check",
          "values": "bluetooth,wifi,wwan",
          "default_value": "bluetooth wifi wwan",
          "default_state": false
        }
      ]
    },
    {
      "name": "Radio Device Wizard",
      "configs": [
        {
          "group": "DEVICES_TO_DISABLE_ON_CONNECT",
          "ids": [
            {
              "id": "DEVICES_TO_DISABLE_ON_LAN_CONNECT",
              "type": "check",
              "values": "bluetooth,wifi,wwan",
              "default_value": "wifi wwan",
              "default_state": false
            },
            {
              "id": "DEVICES_TO_DISABLE_ON_WIFI_CONNECT",
              "type": "check",
              "values": "bluetooth,wifi,wwan",
              "default_value": "wwan",
              "default_state": false
            },
            {
              "id": "DEVICES_TO_DISABLE_ON_WWAN_CONNECT",
              "type": "check",
              "values": "bluetooth,wifi,wwan",
              "default_value": "wifi",
              "default_state": false
            }
          ]
        },
        {
          "group": "DEVICES_TO_ENABLE_ON_DISCONNECT",
          "ids": [
            {
              "id": "DEVICES_TO_ENABLE_ON_LAN_DISCONNECT",
              "type": "check",
              "values": "bluetooth,wifi,wwan",
              "default_value": "wifi wwan",
              "default_state": false
            },
            {
              "id": "DEVICES_TO_ENABLE_ON_WIFI_DISCONNECT",
              "type": "check",
              "values": "bluetooth,wifi,wwan",
              "default_value": "",
              "default_state": false
            },
            {
              "id": "DEVICES_TO_ENABLE_ON_WWAN_DISCONNECT",
              "type": "check",
              "values": "bluetooth,wifi,wwan",
              "default_value": "",
              "default_state": false
            }
          ]
        },
        {
          "group": "DEVICES_ON_DOCK",
          "ids": [
            {
              "id": "DEVICES_TO_ENABLE_ON_DOCK",
              "type": "check",
              "values": "bluetooth,wifi,wwan",
              "default_value": "",
              "default_state": false
            },
            {
              "id": "DEVICES_TO_DISABLE_ON_DOCK",
              "type": "check",
              "values": "bluetooth,wifi,wwan",
              "default_value": "",
              "default_state": false
            }
          ]
        },
        {
          "group": "DEVICES_ON_UNDOCK",
          "ids": [
            {
              "id": "DEVICES_TO_ENABLE_ON_UNDOCK",
              "type": "check",
              "values": "bluetooth,wifi,wwan",
              "default_value": "wifi",
              "default_state": false
            },
            {
              "id": "DEVICES_TO_DISABLE_ON_UNDOCK",
              "type": "check",
              "values": "bluetooth,wifi,wwan",
              "default_value": "",
              "default_state": false
            }
          ]
        }
      ]
    },
    {
      "name": "USB",
      "configs": [
        {
          "id": "USB_AUTOSUSPEND",
          "type": "bselect",
          "values": "0,1",
          "default_value": "1",
          "default_state": true
        },
        {
          "id": "USB_BLACKLIST",
          "type": "usblist",
          "values": "",
          "default_value": "1111:2222 3333:4444",
          "default_state": false
        },
        {
          "id": "USB_BLACKLIST_WWAN",
          "type": "bselect",
          "values": "0,1",
          "default_value": "1",
          "default_state": true
        },
        {
          "id": "USB_WHITELIST",
          "type": "usblist",
          "values": "",
          "default_value": "1111:2222 3333:4444",
          "default_state": false
        },
        {
          "id": "USB_AUTOSUSPEND_DISABLE_ON_SHUTDOWN",
          "type": "bselect",
          "values": "0,1",
          "default_value": "1",
          "default_state": false
        }
      ]
    },
    {
      "name": "ThinkPad Battery",
      "configs": [
        {
          "group": "CHARGE_THRESH_BAT0",
          "ids": [
            {
              "id": "START_CHARGE_THRESH_BAT0",
              "type": "numeric",
              "values": "1-96",
              "default_value": 75,
              "default_state": false
            },
            {
              "id": "STOP_CHARGE_THRESH_BAT0",
              "type": "numeric",
              "values": "5-100",
              "default_value": 80,
              "default_state": false
            }
          ]
        },
        {
          "group": "CHARGE_THRESH_BAT1",
          "ids": [
            {
              "id": "START_CHARGE_THRESH_BAT1",
              "type": "numeric",
              "values": "1-96",
              "default_value": 75,
              "default_state": false
            },
            {
              "id": "STOP_CHARGE_THRESH_BAT1",
              "type": "numeric",
              "values": "5-100",
              "default_value": 80,
              "default_state": false
            }
          ]
        }
      ]
    }
  ]
}
