{
  "app-id": "com.github.d4nj1.tlpui",
  "command": "tlpui",
  "runtime": "org.gnome.Platform",
  "runtime-version": "3.38",
  "sdk": "org.gnome.Sdk",
  "finish-args": [
    "--socket=fallback-x11",
    "--talk-name=org.freedesktop.Flatpak",
    "--filesystem=host"
  ],
  "modules": [
    {
      "name": "tlpui",
      "buildsystem": "simple",
      "build-commands": [
        "install -D host-exec-wrapper.sh /app/bin/host-exec-wrapper",
        "install -D tlpui/icons/themeable/hicolor/scalable/apps/tlpui.svg /app/share/icons/hicolor/scalable/apps/com.github.d4nj1.tlpui.svg",
        "install -D com.github.d4nj1.tlpui.desktop /app/share/applications/com.github.d4nj1.tlpui.desktop",
        "ln -s /app/bin/host-exec-wrapper /app/bin/tlp",
        "ln -s /app/bin/host-exec-wrapper /app/bin/tlp-stat",
        "ln -s /app/bin/host-exec-wrapper /app/bin/which",
        "ln -s /app/bin/host-exec-wrapper /app/bin/pkexec",
        "ln -s /app/bin/host-exec-wrapper /app/bin/gksu",
        "ln -s /app/bin/host-exec-wrapper /app/bin/gksudo",
        "ln -s /app/bin/host-exec-wrapper /app/bin/kdesu",
        "ln -s /app/bin/host-exec-wrapper /app/bin/kdesudo",
        "pip3 install --prefix=/app ."
      ],
      "sources": [
        {
          "type": "file",
          "path": "host-exec-wrapper.sh"
        },
        {
          "type": "file",
          "path": "../setup.py"
        },
        {
          "type": "file",
          "path": "com.github.d4nj1.tlpui.desktop"
        },
        {
          "type": "file",
          "path": "../tlpui.desktop"
        },
        {
          "type": "dir",
          "path": "../tlpui/",
          "dest": "tlpui/"
        }
      ]
    }
  ]
}
